Date,Tweet_ID,Username,Text,Followers
24-04-2024,1001,@CryptoEnthusiast,Excited about the future of Bitcoin. #crypto,200000
24-04-2024,1002,@BitcoinBull,Bullish on Bitcoin's price. #bullmarket,50000
24-04-2024,1003,@CryptoSkeptic,Skeptical about the sustainability of Bitcoin. #crypto,10000
24-04-2024,1004,@BlockchainDeveloper,Developing decentralized applications on the blockchain.,250000
24-04-2024,1005,@BitcoinInvestor,Investing in Bitcoin for long-term growth. #BTC,1000000
24-04-2024,1006,@CryptoTrader,Trading Bitcoin for profit. #cryptotrading,75000
24-04-2024,1007,@CryptoHodler,Hodling onto my Bitcoin. #hodl,5000
24-04-2024,1008,@BlockchainEnthusiast,Enthusiastic about the potential of blockchain technology.,150000
24-04-2024,1009,@CryptoNewbie,Just started learning about Bitcoin. It's fascinating!,1000
24-04-2024,1010,@BitcoinMaximalist,Maximizing my Bitcoin holdings. #maximalist,500000
24-04-2024,1011,@CryptoWhale,Just made a huge Bitcoin purchase. #whalealert,10000000
24-04-2024,1012,@CryptoBear,Expecting a Bitcoin price drop soon. #bearmarket,2000
24-04-2024,1013,@BlockchainInnovator,Innovating with blockchain technology.,300000
24-04-2024,1014,@BitcoinOptimist,Optimistic about Bitcoin's future. #optimism,50000
24-04-2024,1015,@CryptoNoob,Feeling overwhelmed by all the crypto terminology!,100
24-04-2024,1016,@BitcoinLover,Bitcoin is more than just a digital currency. It's a revolution!,100000
24-04-2024,1017,@CryptoRealist,Taking a realistic approach to investing in crypto.,5000
24-04-2024,1018,@BlockchainFanatic,Fanatic about blockchain technology. #blockchain,25000
24-04-2024,1019,@BitcoinSkeptic,Not convinced about the long-term viability of Bitcoin.,100000
24-04-2024,1020,@CryptoGuru,Sharing my crypto knowledge with the world. #cryptoguru,5000
24-04-2024,1021,@BitcoinBeliever,Believing in the power of Bitcoin to change the world.,10000
24-04-2024,1022,@CryptoTrader,Analyzing Bitcoin's price movements for trading opportunities.,20000
24-04-2024,1023,@BlockchainDeveloper,Building decentralized applications on the blockchain.,5000
24-04-2024,1024,@BitcoinHater,Can't stand all the hype around Bitcoin. #hatersgonnahate,1000
24-04-2024,1025,@CryptoFanatic,Fanatic about all things crypto. #cryptofanatic,50000
24-04-2024,1026,@BitcoinHodler,Hodling onto my Bitcoin through thick and thin. #hodl,50000
24-04-2024,1027,@CryptoEnthusiast,Excited to be part of the crypto revolution!,100000
24-04-2024,1028,@BitcoinAdvocate,Advocating for the adoption of Bitcoin. #bitcoinadvocate,5000
24-04-2024,1029,@CryptoTrader,Making profitable trades in the crypto market. #trading,50000
24-04-2024,1030,@BlockchainInnovator,Innovating with blockchain technology to solve real-world problems.,20000
24-04-2024,1031,@BitcoinSupporter,Supporting the growth of Bitcoin and cryptocurrencies.,1000000
24-04-2024,1032,@CryptoSkeptic,Still unsure about the long-term potential of crypto.,50000
24-04-2024,1033,@BlockchainDeveloper,Developing blockchain solutions for a decentralized future.,2000
24-04-2024,1034,@BitcoinBull,Bullish on Bitcoin's prospects. #bullish,250000
24-04-2024,1035,@CryptoTrader,Analyzing market trends to make informed crypto investments.,10000
24-04-2024,1036,@BlockchainEnthusiast,Enthusiastic about the transformative power of blockchain.,1000000
24-04-2024,1037,@BitcoinMaximalist,Maximizing my Bitcoin holdings for maximum returns. #maximalist,75000
24-04-2024,1038,@CryptoHodler,Hodling onto my crypto for dear life. #hodl,5000
24-04-2024,1039,@BlockchainDeveloper,Building the future with blockchain technology. #blockchain,150000
24-04-2024,1040,@BitcoinBeliever,Believing in Bitcoin's potential to disrupt traditional finance.,1000
24-04-2024,1041,@CryptoTrader,Making profitable trades in the crypto market. #crypto,500000
24-04-2024,1042,@BlockchainInnovator,Innovating with blockchain technology for a better world.,10000000
24-04-2024,1043,@BitcoinBull,Bullish on Bitcoin's long-term prospects. #BTC,2000
24-04-2024,1044,@CryptoSkeptic,Still skeptical about the future of crypto. #skeptic,300000
24-04-2024,1045,@BlockchainDeveloper,Developing decentralized applications on the blockchain.,50000
24-04-2024,1046,@BitcoinInvestor,Investing in Bitcoin despite the volatility. #bitcoininvestment,100
24-04-2024,1047,@ProfitableTrader,Profiting from Bitcoin's price fluctuations. #trading,100000
24-04-2024,1048,@LostWallet,Lost my Bitcoin wallet. It's a nightmare!,5000
24-04-2024,1049,@AnxiousTrader,Feeling anxious about the future of Bitcoin. #crypto,100000
24-04-2024,1050,@LongTermHodler,Holding onto my Bitcoin for its long-term potential. #hodl,1000000
24-04-2024,1051,@ElonMusk,Just bought some Bitcoin. Let's see if it's as good as everyone says!,50000
24-04-2024,1052,@WarrenBuffett,"I'll stick with traditional investments, thank you very much. #valueinvesting",2000
24-04-2024,1053,@VitalikButerin,Excited about the potential of Ethereum to change the world. #Ethereum,250000
24-04-2024,1054,@CZ_Binance,Building the future of finance with Binance. #Binance,10000
24-04-2024,1055,@OfficialMcAfee,Bitcoin will reach $1 million by 2025. Bet on it. #bitcoinprediction,1000000
24-04-2024,1056,@realDonaldTrump,Bitcoin is a scam! It's not real money. #fakecurrency,75000
24-04-2024,1057,@BarackObama,Keeping an eye on the developments in the cryptocurrency space.,5000
24-04-2024,1058,@BillGates,I'm skeptical about Bitcoin's ability to improve the world. #crypto,150000
24-04-2024,1059,@KimKardashian,Just learned about Bitcoin. What is it? #cryptocurious,1000
24-04-2024,1060,@Oprah,"Bitcoin, blockchain, and beyond. Exploring the future of finance.",500000
24-04-2024,1061,@JeffBezos,Considering adding Bitcoin to my investment portfolio. #bitcoininvestment,10000000
24-04-2024,1062,@RichardBranson,Bitcoin has the potential to revolutionize the way we transact.,2000
24-04-2024,1063,@TheRock,Hodling onto my Bitcoin like I hold onto my cheat meals. #crypto,300000
24-04-2024,1064,@Beyonce,Thinking about launching my own cryptocurrency. #BeyCoin,50000
24-04-2024,1065,@EllenDegeneres,"Bitcoin, Ethereum, Dogecoin... So many coins, so little time!",100
24-04-2024,1066,@TaylorSwift,Bought some Bitcoin today. Feeling like a crypto queen. #bitcoin,100000
24-04-2024,1067,@KanyeWest,Just dropped a new album and bought some Bitcoin. Living the dream!,5000
24-04-2024,1068,@JustinBieber,Holding onto my Bitcoin for dear life. #hodl,100000
24-04-2024,1069,@Cristiano,Exploring the world of cryptocurrency. #crypto,1000000
24-04-2024,1070,@KylieJenner,Adding Bitcoin to my beauty empire. #cryptocurrency,50000
24-04-2024,1071,@LeBronJames,Investing in Bitcoin for the long haul. #bitcoininvestment,2000
24-04-2024,1072,@LadyGaga,"Bitcoin, baby! #cryptocurrency",250000
24-04-2024,1073,@Drake,Hodling onto my Bitcoin like it's my next hit record. #hodl,10000
24-04-2024,1074,@BTS_twt,Converting BTS ARMY to the Bitcoin movement. #BTScoin,1000000
24-04-2024,1075,@ArianaGrande,Bitcoin is the new black. #cryptocurrency,75000
24-04-2024,1076,@MarkZuckerberg,Exploring blockchain technology for social networking. #blockchain,5000
24-04-2024,1077,@SerenaWilliams,Investing in Bitcoin like I invest in my tennis game. #crypto,150000
24-04-2024,1078,@SnoopDogg,Rollin' with my Bitcoin homies. #bitcoin,1000
24-04-2024,1079,@WillSmith,Bitcoin is the pursuit of happiness. #cryptocurrency,500000
24-04-2024,1080,@KimKardashian,Just bought some Bitcoin. Let's see if it's as good as everyone says!,10000000
24-04-2024,1081,@Oprah,"Bitcoin, blockchain, and beyond. Exploring the future of finance.",2000
24-04-2024,1082,@JeffBezos,Considering adding Bitcoin to my investment portfolio. #bitcoininvestment,300000
24-04-2024,1083,@RichardBranson,Bitcoin has the potential to revolutionize the way we transact.,50000
24-04-2024,1084,@TheRock,Hodling onto my Bitcoin like I hold onto my cheat meals. #crypto,100
24-04-2024,1085,@Beyonce,Thinking about launching my own cryptocurrency. #BeyCoin,100000
24-04-2024,1086,@EllenDegeneres,"Bitcoin, Ethereum, Dogecoin... So many coins, so little time!",5000
24-04-2024,1087,@TaylorSwift,Bought some Bitcoin today. Feeling like a crypto queen. #bitcoin,100000
24-04-2024,1088,@KanyeWest,Just dropped a new album and bought some Bitcoin. Living the dream!,1000000
24-04-2024,1089,@JustinBieber,Holding onto my Bitcoin for dear life. #hodl,50000
24-04-2024,1090,@Cristiano,Exploring the world of cryptocurrency. #crypto,2000
24-04-2024,1091,@KylieJenner,Adding Bitcoin to my beauty empire. #cryptocurrency,250000
24-04-2024,1092,@LeBronJames,Investing in Bitcoin for the long haul. #bitcoininvestment,10000
24-04-2024,1093,@LadyGaga,"Bitcoin, baby! #cryptocurrency",1000000
25-04-2024,1094,@Drake,Hodling onto my Bitcoin like it's my next hit record. #hodl,75000
25-04-2024,1095,@BTS_twt,Converting BTS ARMY to the Bitcoin movement. #BTScoin,5000
25-04-2024,1096,@ArianaGrande,Bitcoin is the new black. #cryptocurrency,150000
25-04-2024,1097,@MarkZuckerberg,Exploring blockchain technology for social networking. #blockchain,1000
25-04-2024,1098,@SerenaWilliams,Investing in Bitcoin like I invest in my tennis game. #crypto,500000
25-04-2024,1099,@SnoopDogg,Rollin' with my Bitcoin homies. #bitcoin,10000000
25-04-2024,1100,@BitcoinBear,Bitcoin's future looks bleak. #bearish,7594000
25-04-2024,1101,@CryptoCynic,Not buying into the Bitcoin hype. #skeptical,5258000
25-04-2024,1102,@BlockchainSkeptic,Doubtful about blockchain's potential. #doubt,2502500
25-04-2024,1103,@BitcoinDoomer,Predicting a crash in Bitcoin's value. #doom,1500000
25-04-2024,1104,@CryptoPessimist,Pessimistic about the future of cryptocurrency. #pessimism,5164000
26-04-2024,1105,@BlockchainCritique,Critical of blockchain's limitations. #critique,1000000
26-04-2024,1106,@BitcoinDoubter,Questioning the legitimacy of Bitcoin. #doubt,1011000
26-04-2024,1107,@CryptoCritic,Offering a critical perspective on the crypto market. #critique,2045500
26-04-2024,1108,@BlockchainBear,Expecting a bear market for blockchain. #bearish,5005500
26-04-2024,1109,@BitcoinSkeptic,Remains unconvinced by Bitcoin's long-term prospects. #skepticism,1001000
26-04-2024,1110,@CryptoSkeptic,Doubts about the sustainability of cryptocurrencies. #skepticism,7500000
26-04-2024,1111,@BitcoinDowntrend,Observing a downtrend in Bitcoin prices. #downtrend,5045900
26-04-2024,1112,@BlockchainDownfall,Predicting the downfall of blockchain technology. #downfall,1006000
26-04-2024,1113,@BitcoinBubble,Calling Bitcoin a bubble ready to burst. #bubble,2225000
26-04-2024,1114,@CryptoBubble,Cautions against investing in the crypto bubble. #bubble,5002500
26-04-2024,1115,@BlockchainBubble,Warning of a blockchain bubble about to burst. #bubble,1000000
26-04-2024,1116,@BitcoinCrash,Predicting a crash in Bitcoin's value. #crash,1000000
26-04-2024,1117,@CryptoCrash,Expecting a crash in the cryptocurrency market. #crash,1250000
26-04-2024,1118,@BlockchainCrash,Dreading the impending crash of blockchain technology. #crash,5000000
26-04-2024,1119,@BitcoinDisaster,Foreseeing a disaster in Bitcoin's future. #disaster,1005500
27-04-2024,1120,@CryptoDisaster,Fearing a disaster scenario for cryptocurrencies. #disaster,2000000
27-04-2024,1121,@BlockchainCollapse,Predicting the collapse of blockchain networks. #collapse,5250000
27-04-2024,1122,@BitcoinCollapse,Warning of a collapse in Bitcoin's value. #collapse,1070000
27-04-2024,1123,@CryptoCollapse,Concerned about a collapse in the crypto market. #collapse,1002000
27-04-2024,1124,@BlockchainFailure,Expecting widespread failure of blockchain projects. #failure,2500000
27-04-2024,1125,@BitcoinFailure,Predicting the failure of Bitcoin as a currency. #failure,5000000
27-04-2024,1126,@CryptoFailure,Concerned about the failure of cryptocurrencies to deliver. #failure,1000000
27-04-2024,1127,@BlockchainWeakness,Pointing out weaknesses in blockchain technology. #weakness,2000000
27-04-2024,1128,@BitcoinWeakness,Highlighting weaknesses in Bitcoin's infrastructure. #weakness,1000000
27-04-2024,1129,@BitcoinDoomer,Bitcoin's downfall is inevitable. #doom,1000000
27-04-2024,1130,@CryptoPessimist,Feeling pessimistic about the future of crypto. #pessimism,1200000
27-04-2024,1131,@BlockchainCritique,Critical of blockchain's shortcomings. #critique,1100000
27-04-2024,1132,@BitcoinDowntrend,Observed a sharp downtrend in Bitcoin prices. #downtrend,1500000
27-04-2024,1133,@BlockchainDownfall,Predicting the imminent downfall of blockchain technology. #downfall,1400000
27-04-2024,1134,@BitcoinBubble,Warning of a Bitcoin bubble ready to burst. #bubble,1300000
27-04-2024,1135,@CryptoBubble,Alerting investors about the cryptocurrency bubble. #bubble,1600000
27-04-2024,1136,@BlockchainBubble,Cautioning against the blockchain bubble. #bubble,1700000
27-04-2024,1137,@BitcoinCrash,Predicting a catastrophic crash in Bitcoin's value. #crash,1800000
28-04-2024,1138,@CryptoCrash,Expecting a major crash in the crypto market. #crash,1900000
28-04-2024,1139,@BlockchainCrash,Warning of an impending crash in blockchain networks. #crash,2000000
28-04-2024,1140,@BitcoinDisaster,Foreseeing a disaster scenario for Bitcoin. #disaster,2100000
28-04-2024,1141,@CryptoDisaster,Dreading the impending disaster in the crypto world. #disaster,2200000
28-04-2024,1142,@BlockchainCollapse,Pointing out the potential collapse of blockchain projects. #collapse,2300000
28-04-2024,1143,@BitcoinCollapse,Concerned about the collapse of Bitcoin's value. #collapse,2400000
28-04-2024,1144,@CryptoCollapse,Warning of a possible collapse in the crypto ecosystem. #collapse,2500000
28-04-2024,1145,@BlockchainFailure,Predicting widespread failure of blockchain initiatives. #failure,2600000
28-04-2024,1146,@BitcoinFailure,Expressing doubts about Bitcoin's potential for success. #failure,2700000
28-04-2024,1147,@CryptoFailure,Highlighting the failure of cryptocurrencies to gain traction. #failure,2800000
28-04-2024,1148,@BlockchainWeakness,Identifying weaknesses in blockchain technology. #weakness,2900000
28-04-2024,1149,@BitcoinWeakness,Concerned about the weaknesses in Bitcoin's infrastructure. #weakness,3000000
28-04-2024,1150,@CryptoWeakness,Pointing out the vulnerabilities in the crypto ecosystem. #weakness,3100000
28-04-2024,1151,@BitcoinDoomer,Bitcoin's downfall is inevitable. #doom,3200000
28-04-2024,1152,@CryptoPessimist,Feeling pessimistic about the future of crypto. #pessimism,3300000
28-04-2024,1153,@BlockchainCritique,Critical of blockchain's shortcomings. #critique,3400000
28-04-2024,1154,@BitcoinDowntrend,Observed a sharp downtrend in Bitcoin prices. #downtrend,3500000
28-04-2024,1155,@BlockchainDownfall,Predicting the imminent downfall of blockchain technology. #downfall,3600000
28-04-2024,1156,@BitcoinBubble,Warning of a Bitcoin bubble ready to burst. #bubble,3700000
28-04-2024,1157,@CryptoBubble,Alerting investors about the cryptocurrency bubble. #bubble,3800000
28-04-2024,1158,@BlockchainBubble,Cautioning against the blockchain bubble. #bubble,3900000
28-04-2024,1159,@BitcoinCrash,Predicting a catastrophic crash in Bitcoin's value. #crash,4000000
28-04-2024,1160,@CryptoCrash,Expecting a major crash in the crypto market. #crash,4100000
28-04-2024,1161,@BlockchainCrash,Warning of an impending crash in blockchain networks. #crash,4200000
28-04-2024,1162,@BitcoinDisaster,Foreseeing a disaster scenario for Bitcoin. #disaster,4300000
28-04-2024,1163,@CryptoDisaster,Dreading the impending disaster in the crypto world. #disaster,4400000
28-04-2024,1164,@BlockchainCollapse,Pointing out the potential collapse of blockchain projects. #collapse,4500000
28-04-2024,1165,@BitcoinCollapse,Concerned about the collapse of Bitcoin's value. #collapse,4600000
28-04-2024,1166,@CryptoCollapse,Warning of a possible collapse in the crypto ecosystem. #collapse,4700000
28-04-2024,1167,@BlockchainFailure,Predicting widespread failure of blockchain initiatives. #failure,4800000
28-04-2024,1168,@BitcoinFailure,Expressing doubts about Bitcoin's potential for success. #failure,4900000
28-04-2024,1169,@CryptoFailure,Highlighting the failure of cryptocurrencies to gain traction. #failure,5000000
28-04-2024,1170,@BlockchainWeakness,Identifying weaknesses in blockchain technology. #weakness,5100000
28-04-2024,1171,@BitcoinWeakness,Concerned about the weaknesses in Bitcoin's infrastructure. #weakness,5200000
28-04-2024,1172,@CryptoWeakness,Pointing out the vulnerabilities in the crypto ecosystem. #weakness,5300000
28-04-2024,1173,@BitcoinDoomer,Bitcoin's downfall is inevitable. #doom,5400000
28-04-2024,1174,@CryptoPessimist,Feeling pessimistic about the future of crypto. #pessimism,5500000
28-04-2024,1175,@BlockchainCritique,Critical of blockchain's shortcomings. #critique,5600000
28-04-2024,1176,@BitcoinDowntrend,Observed a sharp downtrend in Bitcoin prices. #downtrend,5700000
28-04-2024,1177,@BlockchainDownfall,Predicting the imminent downfall of blockchain technology. #downfall,5800000
28-04-2024,1178,@BitcoinBubble,Warning of a Bitcoin bubble ready to burst. #bubble,5900000
29-04-2024,1179,@CryptoBubble,Alerting investors about the cryptocurrency bubble. #bubble,6000000
29-04-2024,1180,@BlockchainBubble,Cautioning against the blockchain bubble. #bubble,6100000
29-04-2024,1181,@BitcoinCrash,Predicting a catastrophic crash in Bitcoin's value. #crash,6200000
29-04-2024,1182,@CryptoCrash,Expecting a major crash in the crypto market. #crash,6300000
29-04-2024,1183,@BlockchainCrash,Warning of an impending crash in blockchain networks. #crash,6400000
29-04-2024,1184,@BitcoinDisaster,Foreseeing a disaster scenario for Bitcoin. #disaster,6500000
29-04-2024,1185,@CryptoDisaster,Dreading the impending disaster in the crypto world. #disaster,6600000
29-04-2024,1186,@BlockchainCollapse,Pointing out the potential collapse of blockchain projects. #collapse,6700000
29-04-2024,1187,@BitcoinCollapse,Concerned about the collapse of Bitcoin's value. #collapse,6800000
29-04-2024,1188,@CryptoCollapse,Warning of a possible collapse in the crypto ecosystem. #collapse,6900000
29-04-2024,1189,@BlockchainFailure,Predicting widespread failure of blockchain initiatives. #failure,7000000
29-04-2024,1190,@BitcoinFailure,Expressing doubts about Bitcoin's potential for success. #failure,7100000
30-04-2024,1191,@CryptoFailure,Highlighting the failure of cryptocurrencies to gain traction. #failure,7200000
30-04-2024,1192,@BlockchainWeakness,Identifying weaknesses in blockchain technology. #weakness,7300000
30-04-2024,1193,@BitcoinWeakness,Concerned about the weaknesses in Bitcoin's infrastructure. #weakness,7400000
30-04-2024,1194,@CryptoWeakness,Pointing out the vulnerabilities in the crypto ecosystem. #weakness,8400000
30-04-2024,1195,@CryptoOptimist,Feeling optimistic about the potential of crypto to reshape industries.,300000
30-04-2024,1196,@BitcoinFan,Proud member of the Bitcoin community.,20000
30-04-2024,1197,@BlockchainExplorer,Exploring the endless possibilities of blockchain technology.,100000
30-04-2024,1198,@CryptoExplorer,Venturing into the uncharted territory of cryptocurrency.,5000
30-04-2024,1199,@BitcoinInnovator,Innovating with Bitcoin to create a brighter future.,250000
01-05-2024,1200,@BlockchainPioneer,Pioneering the adoption of blockchain in various sectors.,75000
01-05-2024,1201,@CryptoPioneer,Leading the way in the crypto revolution.,10000
01-05-2024,1202,@BitcoinRevolutionary,Embracing the revolutionary potential of Bitcoin.,500000
01-05-2024,1203,@BlockchainRevolutionary,Spearheading the blockchain revolution.,150000
01-05-2024,1204,@CryptoRevolutionary,Fighting for a decentralized future.,20000
01-05-2024,1205,@BitcoinEvangelist,Spreading the gospel of Bitcoin adoption.,1000000
01-05-2024,1206,@BlockchainEvangelist,Preaching the benefits of blockchain technology.,50000
01-05-2024,1207,@CryptoEvangelist,Converting skeptics into crypto believers.,1000
01-05-2024,1208,@BitcoinAdmirer,Admirer of the innovation behind Bitcoin.,250000
01-05-2024,1209,@BlockchainAdmirer,Admiring the transformative potential of blockchain.,75000
01-05-2024,1210,@CryptoAdmirer,Finding inspiration in the endless possibilities of crypto.,10000
01-05-2024,1211,@BitcoinEnthusiast,Enthusiastic about the future of Bitcoin.,500000
02-05-2024,1212,@BlockchainEnthusiast,Passionate about the potential of blockchain technology.,150000
02-05-2024,1213,@CryptoEnthusiast,Thrilled to be part of the crypto community.,20000
02-05-2024,1214,@BitcoinSupporter,Showing support for the growth of Bitcoin.,1000000
02-05-2024,1215,@BlockchainSupporter,Standing behind blockchain as a force for positive change.,50000
02-05-2024,1216,@CryptoSupporter,Backing the advancement of cryptocurrency adoption.,10000
02-05-2024,1217,@BitcoinAdvocate,Advocating for the widespread adoption of Bitcoin.,500000
02-05-2024,1218,@BlockchainAdvocate,Championing the cause of blockchain adoption.,150000
02-05-2024,1219,@CryptoAdvocate,Pushing for broader acceptance of cryptocurrency.,20000
02-05-2024,1220,@BitcoinBeliever,Firm believer in the transformative power of Bitcoin.,1000000
02-05-2024,1221,@BlockchainBeliever,Strongly convinced of blockchain's potential to change the world.,50000
02-05-2024,1222,@CryptoBeliever,Holding strong faith in the future of cryptocurrency.,10000
03-05-2024,1223,@BitcoinMaximalist,Firmly committed to the supremacy of Bitcoin.,500000
03-05-2024,1224,@BlockchainMaximalist,Embracing the maximalist approach to blockchain solutions.,150000
03-05-2024,1225,@CryptoMaximalist,Advocating for a maximalist stance on cryptocurrency adoption.,20000
03-05-2024,1226,@BitcoinOptimist,Optimistic about the long-term potential of Bitcoin.,25000
03-05-2024,1227,@BlockchainOptimist,Seeing the glass half full when it comes to blockchain innovation.,1000
03-05-2024,1228,@CryptoOptimist,Spreading positivity about the future of cryptocurrency.,100000
03-05-2024,1229,@BitcoinRealist,Taking a balanced and realistic view of Bitcoin's potential.,5000
03-05-2024,1230,@BlockchainRealist,Grounded in reality when assessing blockchain applications.,10000
03-05-2024,1231,@CryptoRealist,Approaching cryptocurrency investment with a pragmatic mindset.,1000000
03-05-2024,1232,@BitcoinSkeptic,Skeptical about the hype surrounding Bitcoin.,50000
03-05-2024,1233,@BlockchainSkeptic,Doubting the practicality of blockchain solutions.,10000
04-05-2024,1234,@CryptoSkeptic,Exercising caution in the face of crypto market volatility.,1000000
04-05-2024,1235,@BitcoinCritic,Offering constructive criticism for Bitcoin improvement.,50000
04-05-2024,1236,@BlockchainCritic,Analyzing blockchain projects with a critical eye.,10000
04-05-2024,1237,@CryptoCritic,Questioning the efficacy of certain cryptocurrency initiatives.,250000
04-05-2024,1238,@BitcoinFanatic,Passionate about all things Bitcoin.,75000
04-05-2024,1239,@BlockchainFanatic,Obsessed with the potential of blockchain technology.,10000
04-05-2024,1240,@CryptoFanatic,Devoted to exploring every facet of the cryptocurrency world.,1000000
04-05-2024,1241,@BitcoinHodler,Proudly hodling onto my Bitcoin.,50000
05-05-2024,1242,@BlockchainHodler,Safely storing blockchain assets for the long term.,10000
05-05-2024,1243,@CryptoHodler,Weathering market fluctuations by hodling onto crypto assets.,250000
05-05-2024,1244,@BitcoinTrader,Navigating the ups and downs of the Bitcoin market.,75000
05-05-2024,1245,@BlockchainTrader,Utilizing trading strategies to capitalize on blockchain trends.,10000
05-05-2024,1246,@CryptoTrader,Fine-tuning trading skills in the dynamic crypto landscape.,500000
05-05-2024,1247,@BitcoinInvestor,Investing in Bitcoin for long-term growth.,150000
05-05-2024,1248,@BlockchainInvestor,Diversifying investment portfolios with blockchain assets.,20000
05-05-2024,1249,@CryptoInvestor,Seeking opportunities for profitable investments in the crypto space.,50000
06-05-2024,1250,@BitcoinDeveloper,Contributing to the development of Bitcoin's ecosystem.,25000
06-05-2024,1251,@BlockchainDeveloper,Building the future with innovative blockchain applications.,5000
06-05-2024,1252,@CryptoDeveloper,Collaborating on projects to advance cryptocurrency technology.,100000
06-05-2024,1253,@BitcoinEnthusiast,Excited about the future of Bitcoin.,50000
06-05-2024,1254,@BlockchainEnthusiast,Enthusiastic about the transformative potential of blockchain.,10000
06-05-2024,1255,@CryptoEnthusiast,Thrilled to be part of the crypto revolution.,250000
06-05-2024,1256,@BitcoinSupporter,Supporting the growth and adoption of Bitcoin.,75000
06-05-2024,1257,@BlockchainSupporter,Advocating for the widespread adoption of blockchain technology.,10000
06-05-2024,1258,@CryptoSupporter,Backing the advancement of cryptocurrencies in the global economy.,500000
06-05-2024,1259,@BitcoinSupporter,Advocating for the benefits of Bitcoin in the financial sector.,150000
06-05-2024,1260,@BlockchainSupporter,Promoting the adoption of blockchain for secure and transparent transactions.,20000
06-05-2024,1261,@CryptoSupporter,Advocating for the mainstream adoption of cryptocurrencies.,1000000
07-05-2024,1262,@BitcoinAdvocate,Believing in the potential of Bitcoin to revolutionize finance.,50000
07-05-2024,1263,@BlockchainAdvocate,Firmly convinced of blockchain's ability to disrupt traditional industries.,10000
07-05-2024,1264,@CryptoAdvocate,Holding strong faith in the transformative power of cryptocurrencies.,250000
07-05-2024,1265,@BitcoinBeliever,Embracing the ideology of Bitcoin maximalism.,75000
07-05-2024,1266,@BlockchainBeliever,Advocating for the superiority of blockchain over traditional systems.,10000
07-05-2024,1267,@CryptoBeliever,Believing in the dominance of cryptocurrencies in the future economy.,500000
07-05-2024,1268,@BitcoinMaximalist,Remaining optimistic about the long-term prospects of Bitcoin.,150000
07-05-2024,1269,@BlockchainMaximalist,Seeing the potential for positive change through blockchain innovation.,20000
07-05-2024,1270,@CryptoMaximalist,Holding onto optimism amidst the volatility of the crypto market.,1000000
08-05-2024,1271,@BitcoinOptimist,Taking a pragmatic approach to Bitcoin investment.,50000
08-05-2024,1272,@BlockchainOptimist,Recognizing both the potential and limitations of blockchain technology.,10000
08-05-2024,1273,@CryptoOptimist,Balancing optimism with realism in cryptocurrency ventures.,250000
08-05-2024,1274,@BitcoinRealist,Maintaining a healthy skepticism towards exaggerated Bitcoin claims.,75000
08-05-2024,1275,@BlockchainRealist,Questioning the practicality of certain blockchain implementations.,10000
08-05-2024,1276,@CryptoRealist,Exercising caution in the face of speculative crypto investments.,500000
08-05-2024,1277,@BitcoinSkeptic,Providing constructive criticism to improve Bitcoin's functionality.,150000
08-05-2024,1278,@BlockchainSkeptic,Analyzing blockchain projects with a critical eye for improvement.,20000
08-05-2024,1279,@CryptoSkeptic,Offering critical insights to refine cryptocurrency technologies.,1000000
09-05-2024,1280,@BitcoinCritic,Passionate about the transformative potential of Bitcoin.,50000
09-05-2024,1281,@BlockchainCritic,Obsessed with exploring the endless possibilities of blockchain.,10000
09-05-2024,1282,@CryptoCritic,Devoted to the continual advancement of cryptocurrencies.,250000
09-05-2024,1283,@BitcoinFanatic,Holding onto Bitcoin through market fluctuations with confidence.,75000
09-05-2024,1284,@BlockchainFanatic,Demonstrating steadfastness in hodling blockchain assets for long-term gains.,10000
09-05-2024,1285,@CryptoFanatic,Maintaining a hodling strategy to weather the volatility of the crypto market.,500000
09-05-2024,1286,@BitcoinHodler,Executing strategic trades to capitalize on Bitcoin price movements.,150000
09-05-2024,1287,@BlockchainHodler,Utilizing technical analysis to inform blockchain trading decisions.,20000
09-05-2024,1288,@CryptoHodler,Leveraging market insights for profitable crypto trading endeavors.,1000000
09-05-2024,1289,@BitcoinTrader,Strategically allocating funds to Bitcoin for long-term investment growth.,50000
10-05-2024,1290,@BlockchainTrader,Diversifying investment portfolios with blockchain assets for stability.,10000
10-05-2024,1291,@CryptoTrader,Participating in strategic investments across the cryptocurrency market.,500000
10-05-2024,1292,@BitcoinInvestor,Actively contributing to the development of Bitcoin's infrastructure.,150000
10-05-2024,1293,@BlockchainInvestor,Building innovative solutions on the blockchain to drive industry transformation.,20000
10-05-2024,1294,@CryptoInvestor,Collaborating on projects to enhance the functionality of cryptocurrencies.,1000000
10-05-2024,1295,@BitcoinDeveloper,Eagerly anticipating the future advancements of Bitcoin technology.,50000
10-05-2024,1296,@BlockchainDeveloper,Enthusiastic about the potential applications of blockchain beyond finance.,10000
11-05-2024,1297,@CryptoDeveloper,Excited to explore the evolving landscape of cryptocurrencies.,500000
11-05-2024,1298,@BitcoinEnthusiast,Offering unwavering support for the continued growth and adoption of Bitcoin.,150000
11-05-2024,1299,@BlockchainEnthusiast,Advocating for the integration of blockchain to enhance transparency and efficiency.,1000000
11-05-2024,1300,@CryptoEnthusiast,Standing behind the principles of decentralization and innovation in the crypto space.,1600000
